<BackupInst xmlns="http://www.microsoft.com/GroupPolicy/GPOOperations/Manifest"><GPOGuid><![CDATA[{FBE4EBAB-7170-4E09-84FC-53C336EB1033}]]></GPOGuid><GPODomain><![CDATA[contoso.com]]></GPODomain><GPODomainGuid><![CDATA[{137ef86a-6417-4e2d-b3aa-b80f9e740fc8}]]></GPODomainGuid><GPODomainController><![CDATA[dc.contoso.com]]></GPODomainController><BackupTime><![CDATA[2017-12-08T16:44:04]]></BackupTime><ID><![CDATA[{F9763831-99BB-4F8D-B145-022D7EB719F9}]]></ID><Comment><![CDATA[]]></Comment><GPODisplayName><![CDATA[WEF GPO]]></GPODisplayName></BackupInst>
